-- --------------------------------------------------------
-- Máy chủ:                      127.0.0.1
-- Server version:               10.4.27-MariaDB - mariadb.org binary distribution
-- Server OS:                    Win64
-- HeidiSQL Phiên bản:           12.4.0.6659
-- --------------------------------------------------------

/*!40101 SET @OLD_CHARACTER_SET_CLIENT=@@CHARACTER_SET_CLIENT */;
/*!40101 SET NAMES utf8 */;
/*!50503 SET NAMES utf8mb4 */;
/*!40103 SET @OLD_TIME_ZONE=@@TIME_ZONE */;
/*!40103 SET TIME_ZONE='+00:00' */;
/*!40014 SET @OLD_FOREIGN_KEY_CHECKS=@@FOREIGN_KEY_CHECKS, FOREIGN_KEY_CHECKS=0 */;
/*!40101 SET @OLD_SQL_MODE=@@SQL_MODE, SQL_MODE='NO_AUTO_VALUE_ON_ZERO' */;
/*!40111 SET @OLD_SQL_NOTES=@@SQL_NOTES, SQL_NOTES=0 */;


-- Dumping database structure for QboxRp
DROP DATABASE IF EXISTS `QboxRp`;
CREATE DATABASE IF NOT EXISTS `QboxRp` /*!40100 DEFAULT CHARACTER SET utf8 COLLATE utf8_general_ci */;
USE `QboxRp`;

-- Dumping structure for table QboxRp.apartments
DROP TABLE IF EXISTS `apartments`;
CREATE TABLE IF NOT EXISTS `apartments` (
  `id` int(11) NOT NULL AUTO_INCREMENT,
  `name` varchar(255) DEFAULT NULL,
  `type` varchar(255) DEFAULT NULL,
  `label` varchar(255) DEFAULT NULL,
  `citizenid` varchar(255) DEFAULT NULL,
  PRIMARY KEY (`id`),
  KEY `citizenid` (`citizenid`),
  KEY `name` (`name`)
) ENGINE=InnoDB DEFAULT CHARSET=utf8mb4 COLLATE=utf8mb4_unicode_ci;

-- Dumping data for table QboxRp.apartments: ~0 rows (approximately)
DELETE FROM `apartments`;

-- Dumping structure for table QboxRp.bank_accounts_new
DROP TABLE IF EXISTS `bank_accounts_new`;
CREATE TABLE IF NOT EXISTS `bank_accounts_new` (
  `id` varchar(50) NOT NULL,
  `amount` int(11) DEFAULT 0,
  `transactions` longtext DEFAULT NULL,
  `auth` longtext DEFAULT NULL,
  `isFrozen` int(11) DEFAULT 0,
  `creator` varchar(50) DEFAULT NULL,
  PRIMARY KEY (`id`)
) ENGINE=InnoDB DEFAULT CHARSET=utf8mb4 COLLATE=utf8mb4_unicode_ci;

-- Dumping data for table QboxRp.bank_accounts_new: ~11 rows (approximately)
DELETE FROM `bank_accounts_new`;
INSERT INTO `bank_accounts_new` (`id`, `amount`, `transactions`, `auth`, `isFrozen`, `creator`) VALUES
	('ambulance', 0, '[]', '[]', 0, NULL),
	('ballas', 0, '[]', '[]', 0, NULL),
	('cardealer', 0, '[]', '[]', 0, NULL),
	('cartel', 0, '[]', '[]', 0, NULL),
	('families', 0, '[]', '[]', 0, NULL),
	('lostmc', 0, '[]', '[]', 0, NULL),
	('mechanic', 0, '[]', '[]', 0, NULL),
	('police', 0, '[]', '[]', 0, NULL),
	('realestate', 0, '[]', '[]', 0, NULL),
	('triads', 0, '[]', '[]', 0, NULL),
	('vagos', 0, '[]', '[]', 0, NULL);

-- Dumping structure for table QboxRp.bans
DROP TABLE IF EXISTS `bans`;
CREATE TABLE IF NOT EXISTS `bans` (
  `id` int(11) NOT NULL AUTO_INCREMENT,
  `name` varchar(50) DEFAULT NULL,
  `license` varchar(50) DEFAULT NULL,
  `discord` varchar(50) DEFAULT NULL,
  `ip` varchar(50) DEFAULT NULL,
  `reason` text DEFAULT NULL,
  `expire` int(11) DEFAULT NULL,
  `bannedby` varchar(255) NOT NULL DEFAULT 'LeBanhammer',
  PRIMARY KEY (`id`),
  KEY `license` (`license`),
  KEY `discord` (`discord`),
  KEY `ip` (`ip`)
) ENGINE=InnoDB DEFAULT CHARSET=utf8mb4 COLLATE=utf8mb4_unicode_ci;

-- Dumping data for table QboxRp.bans: ~0 rows (approximately)
DELETE FROM `bans`;

-- Dumping structure for table QboxRp.dealers
DROP TABLE IF EXISTS `dealers`;
CREATE TABLE IF NOT EXISTS `dealers` (
  `id` int(11) NOT NULL AUTO_INCREMENT,
  `name` varchar(50) NOT NULL DEFAULT '0',
  `coords` longtext CHARACTER SET utf8mb4 COLLATE utf8mb4_bin DEFAULT NULL,
  `time` longtext CHARACTER SET utf8mb4 COLLATE utf8mb4_bin DEFAULT NULL,
  `createdby` varchar(50) NOT NULL DEFAULT '0',
  PRIMARY KEY (`id`)
) ENGINE=InnoDB DEFAULT CHARSET=utf8mb4 COLLATE=utf8mb4_unicode_ci;

-- Dumping data for table QboxRp.dealers: ~0 rows (approximately)
DELETE FROM `dealers`;

-- Dumping structure for table QboxRp.houselocations
DROP TABLE IF EXISTS `houselocations`;
CREATE TABLE IF NOT EXISTS `houselocations` (
  `id` int(11) NOT NULL AUTO_INCREMENT,
  `name` varchar(255) DEFAULT NULL,
  `label` varchar(255) DEFAULT NULL,
  `coords` text DEFAULT NULL,
  `owned` tinyint(1) DEFAULT NULL,
  `price` int(11) DEFAULT NULL,
  `tier` tinyint(4) DEFAULT NULL,
  `garage` text DEFAULT NULL,
  PRIMARY KEY (`id`),
  KEY `name` (`name`)
) ENGINE=InnoDB DEFAULT CHARSET=utf8mb4 COLLATE=utf8mb4_unicode_ci;

-- Dumping data for table QboxRp.houselocations: ~0 rows (approximately)
DELETE FROM `houselocations`;

-- Dumping structure for table QboxRp.house_plants
DROP TABLE IF EXISTS `house_plants`;
CREATE TABLE IF NOT EXISTS `house_plants` (
  `id` int(11) NOT NULL AUTO_INCREMENT,
  `building` varchar(30) NOT NULL,
  `stage` varchar(11) NOT NULL DEFAULT 'stage1',
  `sort` varchar(30) NOT NULL,
  `gender` enum('male','female') NOT NULL,
  `food` tinyint(4) NOT NULL DEFAULT 100,
  `health` tinyint(4) NOT NULL DEFAULT 100,
  `progress` tinyint(4) NOT NULL DEFAULT 0,
  `coords` tinytext NOT NULL,
  PRIMARY KEY (`id`),
  KEY `building` (`building`)
) ENGINE=InnoDB DEFAULT CHARSET=utf8mb4 COLLATE=utf8mb4_unicode_ci;

-- Dumping data for table QboxRp.house_plants: ~0 rows (approximately)
DELETE FROM `house_plants`;

-- Dumping structure for table QboxRp.lapraces
DROP TABLE IF EXISTS `lapraces`;
CREATE TABLE IF NOT EXISTS `lapraces` (
  `id` int(11) NOT NULL AUTO_INCREMENT,
  `name` varchar(50) DEFAULT NULL,
  `checkpoints` text DEFAULT NULL,
  `records` text DEFAULT NULL,
  `creator` varchar(50) DEFAULT NULL,
  `distance` int(11) DEFAULT NULL,
  `raceid` varchar(50) DEFAULT NULL,
  PRIMARY KEY (`id`),
  KEY `raceid` (`raceid`)
) ENGINE=InnoDB DEFAULT CHARSET=utf8mb4 COLLATE=utf8mb4_unicode_ci;

-- Dumping data for table QboxRp.lapraces: ~0 rows (approximately)
DELETE FROM `lapraces`;

-- Dumping structure for table QboxRp.management_funds
DROP TABLE IF EXISTS `management_funds`;
CREATE TABLE IF NOT EXISTS `management_funds` (
  `id` int(11) NOT NULL AUTO_INCREMENT,
  `job_name` varchar(50) NOT NULL,
  `amount` int(100) NOT NULL,
  `type` enum('boss','gang') NOT NULL DEFAULT 'boss',
  PRIMARY KEY (`id`),
  UNIQUE KEY `job_name` (`job_name`),
  KEY `type` (`type`)
) ENGINE=InnoDB AUTO_INCREMENT=13 DEFAULT CHARSET=utf8mb4 COLLATE=utf8mb4_unicode_ci;

-- Dumping data for table QboxRp.management_funds: ~12 rows (approximately)
DELETE FROM `management_funds`;
INSERT INTO `management_funds` (`id`, `job_name`, `amount`, `type`) VALUES
	(1, 'police', 0, 'boss'),
	(2, 'ambulance', 0, 'boss'),
	(3, 'realestate', 0, 'boss'),
	(4, 'taxi', 0, 'boss'),
	(5, 'cardealer', 0, 'boss'),
	(6, 'mechanic', 0, 'boss'),
	(7, 'lostmc', 0, 'gang'),
	(8, 'ballas', 0, 'gang'),
	(9, 'vagos', 0, 'gang'),
	(10, 'cartel', 0, 'gang'),
	(11, 'families', 0, 'gang'),
	(12, 'triads', 0, 'gang');

-- Dumping structure for table QboxRp.management_outfits
DROP TABLE IF EXISTS `management_outfits`;
CREATE TABLE IF NOT EXISTS `management_outfits` (
  `id` int(11) NOT NULL AUTO_INCREMENT,
  `job_name` varchar(50) NOT NULL,
  `type` varchar(50) NOT NULL,
  `minrank` int(11) NOT NULL DEFAULT 0,
  `name` varchar(50) NOT NULL DEFAULT 'Cool Outfit',
  `gender` varchar(50) NOT NULL DEFAULT 'male',
  `model` varchar(50) DEFAULT NULL,
  `props` text DEFAULT NULL,
  `components` text DEFAULT NULL,
  PRIMARY KEY (`id`)
) ENGINE=InnoDB AUTO_INCREMENT=26 DEFAULT CHARSET=utf8mb4 COLLATE=utf8mb4_unicode_ci;

-- Dumping data for table QboxRp.management_outfits: ~0 rows (approximately)
DELETE FROM `management_outfits`;

-- Dumping structure for table QboxRp.npwd_calls
DROP TABLE IF EXISTS `npwd_calls`;
CREATE TABLE IF NOT EXISTS `npwd_calls` (
  `id` int(11) NOT NULL AUTO_INCREMENT,
  `identifier` varchar(48) CHARACTER SET utf8mb4 COLLATE utf8mb4_general_ci DEFAULT NULL,
  `transmitter` varchar(255) NOT NULL,
  `receiver` varchar(255) NOT NULL,
  `is_accepted` tinyint(4) DEFAULT 0,
  `isAnonymous` tinyint(4) NOT NULL DEFAULT 0,
  `start` varchar(255) DEFAULT NULL,
  `end` varchar(255) DEFAULT NULL,
  PRIMARY KEY (`id`),
  KEY `identifier` (`identifier`)
) ENGINE=InnoDB DEFAULT CHARSET=utf8 COLLATE=utf8_general_ci;

-- Dumping data for table QboxRp.npwd_calls: ~0 rows (approximately)
DELETE FROM `npwd_calls`;

-- Dumping structure for table QboxRp.npwd_darkchat_channels
DROP TABLE IF EXISTS `npwd_darkchat_channels`;
CREATE TABLE IF NOT EXISTS `npwd_darkchat_channels` (
  `id` int(11) NOT NULL AUTO_INCREMENT,
  `channel_identifier` varchar(191) NOT NULL,
  `label` varchar(255) DEFAULT '',
  PRIMARY KEY (`id`) USING BTREE,
  UNIQUE KEY `darkchat_channels_channel_identifier_uindex` (`channel_identifier`) USING BTREE
) ENGINE=InnoDB AUTO_INCREMENT=20 DEFAULT CHARSET=utf8mb4 COLLATE=utf8mb4_general_ci;

-- Dumping data for table QboxRp.npwd_darkchat_channels: ~0 rows (approximately)
DELETE FROM `npwd_darkchat_channels`;

-- Dumping structure for table QboxRp.npwd_darkchat_channel_members
DROP TABLE IF EXISTS `npwd_darkchat_channel_members`;
CREATE TABLE IF NOT EXISTS `npwd_darkchat_channel_members` (
  `channel_id` int(11) NOT NULL,
  `user_identifier` varchar(255) NOT NULL,
  `is_owner` tinyint(4) NOT NULL DEFAULT 0,
  KEY `npwd_darkchat_channel_members_npwd_darkchat_channels_id_fk` (`channel_id`) USING BTREE,
  CONSTRAINT `npwd_darkchat_channel_members_npwd_darkchat_channels_id_fk` FOREIGN KEY (`channel_id`) REFERENCES `npwd_darkchat_channels` (`id`)
) ENGINE=InnoDB DEFAULT CHARSET=utf8mb4 COLLATE=utf8mb4_general_ci;

-- Dumping data for table QboxRp.npwd_darkchat_channel_members: ~0 rows (approximately)
DELETE FROM `npwd_darkchat_channel_members`;

-- Dumping structure for table QboxRp.npwd_darkchat_messages
DROP TABLE IF EXISTS `npwd_darkchat_messages`;
CREATE TABLE IF NOT EXISTS `npwd_darkchat_messages` (
  `id` int(11) NOT NULL AUTO_INCREMENT,
  `channel_id` int(11) NOT NULL,
  `message` varchar(255) NOT NULL,
  `user_identifier` varchar(255) NOT NULL,
  `createdAt` timestamp NOT NULL DEFAULT current_timestamp(),
  `is_image` tinyint(4) NOT NULL DEFAULT 0,
  PRIMARY KEY (`id`) USING BTREE,
  KEY `darkchat_messages_darkchat_channels_id_fk` (`channel_id`) USING BTREE,
  CONSTRAINT `darkchat_messages_darkchat_channels_id_fk` FOREIGN KEY (`channel_id`) REFERENCES `npwd_darkchat_channels` (`id`)
) ENGINE=InnoDB AUTO_INCREMENT=31 DEFAULT CHARSET=utf8mb4 COLLATE=utf8mb4_general_ci;

-- Dumping data for table QboxRp.npwd_darkchat_messages: ~0 rows (approximately)
DELETE FROM `npwd_darkchat_messages`;

-- Dumping structure for table QboxRp.npwd_marketplace_listings
DROP TABLE IF EXISTS `npwd_marketplace_listings`;
CREATE TABLE IF NOT EXISTS `npwd_marketplace_listings` (
  `id` int(11) NOT NULL AUTO_INCREMENT,
  `identifier` varchar(48) CHARACTER SET utf8mb4 COLLATE utf8mb4_general_ci DEFAULT NULL,
  `username` varchar(255) DEFAULT NULL,
  `name` varchar(50) DEFAULT NULL,
  `number` varchar(255) NOT NULL,
  `title` varchar(255) DEFAULT NULL,
  `url` varchar(255) DEFAULT NULL,
  `description` varchar(255) NOT NULL,
  `createdAt` timestamp NOT NULL DEFAULT current_timestamp(),
  `updatedAt` timestamp NOT NULL DEFAULT current_timestamp() ON UPDATE current_timestamp(),
  `reported` tinyint(4) NOT NULL DEFAULT 0,
  PRIMARY KEY (`id`),
  KEY `identifier` (`identifier`)
) ENGINE=InnoDB DEFAULT CHARSET=utf8 COLLATE=utf8_general_ci;

-- Dumping data for table QboxRp.npwd_marketplace_listings: ~0 rows (approximately)
DELETE FROM `npwd_marketplace_listings`;

-- Dumping structure for table QboxRp.npwd_match_profiles
DROP TABLE IF EXISTS `npwd_match_profiles`;
CREATE TABLE IF NOT EXISTS `npwd_match_profiles` (
  `id` int(11) NOT NULL AUTO_INCREMENT,
  `identifier` varchar(48) CHARACTER SET utf8mb4 COLLATE utf8mb4_general_ci NOT NULL,
  `name` varchar(90) NOT NULL,
  `image` varchar(255) NOT NULL,
  `bio` varchar(512) DEFAULT NULL,
  `location` varchar(45) DEFAULT NULL,
  `job` varchar(45) DEFAULT NULL,
  `tags` varchar(255) NOT NULL DEFAULT '',
  `voiceMessage` varchar(512) DEFAULT NULL,
  `createdAt` timestamp NOT NULL DEFAULT current_timestamp(),
  `updatedAt` timestamp NOT NULL DEFAULT current_timestamp() ON UPDATE current_timestamp(),
  PRIMARY KEY (`id`),
  UNIQUE KEY `identifier_UNIQUE` (`identifier`)
) ENGINE=InnoDB DEFAULT CHARSET=utf8 COLLATE=utf8_general_ci;

-- Dumping data for table QboxRp.npwd_match_profiles: ~0 rows (approximately)
DELETE FROM `npwd_match_profiles`;

-- Dumping structure for table QboxRp.npwd_match_views
DROP TABLE IF EXISTS `npwd_match_views`;
CREATE TABLE IF NOT EXISTS `npwd_match_views` (
  `id` int(11) NOT NULL AUTO_INCREMENT,
  `identifier` varchar(48) CHARACTER SET utf8mb4 COLLATE utf8mb4_general_ci NOT NULL,
  `profile` int(11) NOT NULL,
  `liked` tinyint(4) DEFAULT 0,
  `createdAt` timestamp NOT NULL DEFAULT current_timestamp(),
  `updatedAt` timestamp NOT NULL DEFAULT current_timestamp() ON UPDATE current_timestamp(),
  PRIMARY KEY (`id`),
  KEY `match_profile_idx` (`profile`),
  KEY `identifier` (`identifier`),
  CONSTRAINT `match_profile` FOREIGN KEY (`profile`) REFERENCES `npwd_match_profiles` (`id`)
) ENGINE=InnoDB DEFAULT CHARSET=utf8 COLLATE=utf8_general_ci;

-- Dumping data for table QboxRp.npwd_match_views: ~0 rows (approximately)
DELETE FROM `npwd_match_views`;

-- Dumping structure for table QboxRp.npwd_messages
DROP TABLE IF EXISTS `npwd_messages`;
CREATE TABLE IF NOT EXISTS `npwd_messages` (
  `id` int(11) NOT NULL AUTO_INCREMENT,
  `message` varchar(512) CHARACTER SET utf8mb4 COLLATE utf8mb4_general_ci NOT NULL,
  `user_identifier` varchar(48) CHARACTER SET utf8mb4 COLLATE utf8mb4_general_ci NOT NULL,
  `conversation_id` varchar(512) NOT NULL,
  `isRead` tinyint(4) NOT NULL DEFAULT 0,
  `createdAt` timestamp NOT NULL DEFAULT current_timestamp(),
  `updatedAt` timestamp NOT NULL DEFAULT current_timestamp() ON UPDATE current_timestamp(),
  `visible` tinyint(4) NOT NULL DEFAULT 1,
  `author` varchar(255) NOT NULL,
  `is_embed` tinyint(4) NOT NULL DEFAULT 0,
  `embed` varchar(512) NOT NULL DEFAULT '',
  PRIMARY KEY (`id`),
  KEY `user_identifier` (`user_identifier`)
) ENGINE=InnoDB DEFAULT CHARSET=utf8 COLLATE=utf8_general_ci;

-- Dumping data for table QboxRp.npwd_messages: ~0 rows (approximately)
DELETE FROM `npwd_messages`;

-- Dumping structure for table QboxRp.npwd_messages_conversations
DROP TABLE IF EXISTS `npwd_messages_conversations`;
CREATE TABLE IF NOT EXISTS `npwd_messages_conversations` (
  `id` int(11) NOT NULL AUTO_INCREMENT,
  `conversation_list` varchar(225) CHARACTER SET utf8mb4 COLLATE utf8mb4_general_ci NOT NULL,
  `label` varchar(60) CHARACTER SET utf8mb4 COLLATE utf8mb4_general_ci DEFAULT '',
  `createdAt` timestamp NOT NULL DEFAULT current_timestamp(),
  `updatedAt` timestamp NOT NULL DEFAULT current_timestamp(),
  `last_message_id` int(11) DEFAULT NULL,
  `is_group_chat` tinyint(4) NOT NULL DEFAULT 0,
  PRIMARY KEY (`id`) USING BTREE
) ENGINE=InnoDB DEFAULT CHARSET=utf8 COLLATE=utf8_general_ci;

-- Dumping data for table QboxRp.npwd_messages_conversations: ~0 rows (approximately)
DELETE FROM `npwd_messages_conversations`;

-- Dumping structure for table QboxRp.npwd_messages_participants
DROP TABLE IF EXISTS `npwd_messages_participants`;
CREATE TABLE IF NOT EXISTS `npwd_messages_participants` (
  `id` int(11) NOT NULL AUTO_INCREMENT,
  `conversation_id` int(11) NOT NULL,
  `participant` varchar(225) CHARACTER SET utf8mb4 COLLATE utf8mb4_general_ci NOT NULL,
  `unread_count` int(11) DEFAULT 0,
  PRIMARY KEY (`id`) USING BTREE,
  KEY `message_participants_npwd_messages_conversations_id_fk` (`conversation_id`) USING BTREE,
  CONSTRAINT `message_participants_npwd_messages_conversations_id_fk` FOREIGN KEY (`conversation_id`) REFERENCES `npwd_messages_conversations` (`id`)
) ENGINE=InnoDB DEFAULT CHARSET=utf8 COLLATE=utf8_general_ci;

-- Dumping data for table QboxRp.npwd_messages_participants: ~0 rows (approximately)
DELETE FROM `npwd_messages_participants`;

-- Dumping structure for table QboxRp.npwd_notes
DROP TABLE IF EXISTS `npwd_notes`;
CREATE TABLE IF NOT EXISTS `npwd_notes` (
  `id` int(11) NOT NULL AUTO_INCREMENT,
  `identifier` varchar(48) CHARACTER SET utf8mb4 COLLATE utf8mb4_general_ci NOT NULL,
  `title` varchar(255) NOT NULL,
  `content` varchar(255) NOT NULL,
  PRIMARY KEY (`id`),
  KEY `identifier` (`identifier`)
) ENGINE=InnoDB DEFAULT CHARSET=utf8 COLLATE=utf8_general_ci;

-- Dumping data for table QboxRp.npwd_notes: ~0 rows (approximately)
DELETE FROM `npwd_notes`;

-- Dumping structure for table QboxRp.npwd_phone_contacts
DROP TABLE IF EXISTS `npwd_phone_contacts`;
CREATE TABLE IF NOT EXISTS `npwd_phone_contacts` (
  `id` int(11) NOT NULL AUTO_INCREMENT,
  `identifier` varchar(48) CHARACTER SET utf8mb4 COLLATE utf8mb4_general_ci DEFAULT NULL,
  `avatar` varchar(255) DEFAULT NULL,
  `number` varchar(20) DEFAULT NULL,
  `display` varchar(255) NOT NULL DEFAULT '',
  PRIMARY KEY (`id`),
  KEY `identifier` (`identifier`)
) ENGINE=InnoDB DEFAULT CHARSET=utf8 COLLATE=utf8_general_ci;

-- Dumping data for table QboxRp.npwd_phone_contacts: ~0 rows (approximately)
DELETE FROM `npwd_phone_contacts`;

-- Dumping structure for table QboxRp.npwd_phone_gallery
DROP TABLE IF EXISTS `npwd_phone_gallery`;
CREATE TABLE IF NOT EXISTS `npwd_phone_gallery` (
  `id` int(11) NOT NULL AUTO_INCREMENT,
  `identifier` varchar(48) CHARACTER SET utf8mb4 COLLATE utf8mb4_general_ci DEFAULT NULL,
  `image` varchar(255) NOT NULL,
  PRIMARY KEY (`id`),
  KEY `identifier` (`identifier`)
) ENGINE=InnoDB DEFAULT CHARSET=utf8 COLLATE=utf8_general_ci;

-- Dumping data for table QboxRp.npwd_phone_gallery: ~0 rows (approximately)
DELETE FROM `npwd_phone_gallery`;

-- Dumping structure for table QboxRp.npwd_twitter_likes
DROP TABLE IF EXISTS `npwd_twitter_likes`;
CREATE TABLE IF NOT EXISTS `npwd_twitter_likes` (
  `id` int(11) NOT NULL AUTO_INCREMENT,
  `profile_id` int(11) NOT NULL,
  `tweet_id` int(11) NOT NULL,
  PRIMARY KEY (`id`),
  UNIQUE KEY `unique_combination` (`profile_id`,`tweet_id`),
  KEY `profile_idx` (`profile_id`),
  KEY `tweet_idx` (`tweet_id`),
  CONSTRAINT `profile` FOREIGN KEY (`profile_id`) REFERENCES `npwd_twitter_profiles` (`id`),
  CONSTRAINT `tweet` FOREIGN KEY (`tweet_id`) REFERENCES `npwd_twitter_tweets` (`id`) ON DELETE CASCADE
) ENGINE=InnoDB DEFAULT CHARSET=utf8 COLLATE=utf8_general_ci;

-- Dumping data for table QboxRp.npwd_twitter_likes: ~0 rows (approximately)
DELETE FROM `npwd_twitter_likes`;

-- Dumping structure for table QboxRp.npwd_twitter_profiles
DROP TABLE IF EXISTS `npwd_twitter_profiles`;
CREATE TABLE IF NOT EXISTS `npwd_twitter_profiles` (
  `id` int(11) NOT NULL AUTO_INCREMENT,
  `profile_name` varchar(90) NOT NULL,
  `identifier` varchar(48) CHARACTER SET utf8mb4 COLLATE utf8mb4_general_ci NOT NULL,
  `avatar_url` varchar(255) DEFAULT 'https://i.fivemanage.com/images/3ClWwmpwkFhL.png',
  `createdAt` timestamp NOT NULL DEFAULT current_timestamp(),
  `updatedAt` timestamp NOT NULL DEFAULT current_timestamp() ON UPDATE current_timestamp(),
  PRIMARY KEY (`id`),
  UNIQUE KEY `profile_name_UNIQUE` (`profile_name`),
  KEY `identifier` (`identifier`)
) ENGINE=InnoDB DEFAULT CHARSET=utf8 COLLATE=utf8_general_ci;

-- Dumping data for table QboxRp.npwd_twitter_profiles: ~0 rows (approximately)
DELETE FROM `npwd_twitter_profiles`;

-- Dumping structure for table QboxRp.npwd_twitter_reports
DROP TABLE IF EXISTS `npwd_twitter_reports`;
CREATE TABLE IF NOT EXISTS `npwd_twitter_reports` (
  `id` int(11) NOT NULL AUTO_INCREMENT,
  `profile_id` int(11) NOT NULL,
  `tweet_id` int(11) NOT NULL,
  PRIMARY KEY (`id`),
  UNIQUE KEY `unique_combination` (`profile_id`,`tweet_id`),
  KEY `profile_idx` (`profile_id`),
  KEY `tweet_idx` (`tweet_id`),
  CONSTRAINT `report_profile` FOREIGN KEY (`profile_id`) REFERENCES `npwd_twitter_profiles` (`id`),
  CONSTRAINT `report_tweet` FOREIGN KEY (`tweet_id`) REFERENCES `npwd_twitter_tweets` (`id`) ON DELETE CASCADE
) ENGINE=InnoDB DEFAULT CHARSET=utf8 COLLATE=utf8_general_ci;

-- Dumping data for table QboxRp.npwd_twitter_reports: ~0 rows (approximately)
DELETE FROM `npwd_twitter_reports`;

-- Dumping structure for table QboxRp.npwd_twitter_tweets
DROP TABLE IF EXISTS `npwd_twitter_tweets`;
CREATE TABLE IF NOT EXISTS `npwd_twitter_tweets` (
  `id` int(11) NOT NULL AUTO_INCREMENT,
  `message` varchar(1000) CHARACTER SET utf8mb4 COLLATE utf8mb4_general_ci NOT NULL,
  `createdAt` timestamp NOT NULL DEFAULT current_timestamp(),
  `updatedAt` timestamp NOT NULL DEFAULT current_timestamp() ON UPDATE current_timestamp(),
  `likes` int(11) NOT NULL DEFAULT 0,
  `identifier` varchar(48) CHARACTER SET utf8mb4 COLLATE utf8mb4_general_ci NOT NULL,
  `visible` tinyint(4) NOT NULL DEFAULT 1,
  `images` varchar(1000) CHARACTER SET utf8mb4 COLLATE utf8mb4_general_ci DEFAULT '',
  `retweet` int(11) DEFAULT NULL,
  `profile_id` int(11) NOT NULL,
  PRIMARY KEY (`id`) USING BTREE,
  KEY `npwd_twitter_tweets_npwd_twitter_profiles_id_fk` (`profile_id`) USING BTREE,
  CONSTRAINT `npwd_twitter_tweets_npwd_twitter_profiles_id_fk` FOREIGN KEY (`profile_id`) REFERENCES `npwd_twitter_profiles` (`id`)
) ENGINE=InnoDB DEFAULT CHARSET=utf8 COLLATE=utf8_general_ci;

-- Dumping data for table QboxRp.npwd_twitter_tweets: ~0 rows (approximately)
DELETE FROM `npwd_twitter_tweets`;

-- Dumping structure for table QboxRp.occasion_vehicles
DROP TABLE IF EXISTS `occasion_vehicles`;
CREATE TABLE IF NOT EXISTS `occasion_vehicles` (
  `id` int(11) NOT NULL AUTO_INCREMENT,
  `seller` varchar(50) DEFAULT NULL,
  `price` int(11) DEFAULT NULL,
  `description` longtext DEFAULT NULL,
  `plate` varchar(50) DEFAULT NULL,
  `model` varchar(50) DEFAULT NULL,
  `mods` text DEFAULT NULL,
  `occasionid` varchar(50) DEFAULT NULL,
  PRIMARY KEY (`id`),
  KEY `occasionId` (`occasionid`)
) ENGINE=InnoDB DEFAULT CHARSET=utf8mb4 COLLATE=utf8mb4_unicode_ci;

-- Dumping data for table QboxRp.occasion_vehicles: ~0 rows (approximately)
DELETE FROM `occasion_vehicles`;

-- Dumping structure for table QboxRp.ox_doorlock
DROP TABLE IF EXISTS `ox_doorlock`;
CREATE TABLE IF NOT EXISTS `ox_doorlock` (
  `id` int(11) unsigned NOT NULL AUTO_INCREMENT,
  `name` varchar(50) NOT NULL,
  `data` longtext NOT NULL,
  PRIMARY KEY (`id`)
) ENGINE=InnoDB AUTO_INCREMENT=7 DEFAULT CHARSET=utf8mb4 COLLATE=utf8mb4_unicode_ci;

-- Dumping data for table QboxRp.ox_doorlock: ~6 rows (approximately)
DELETE FROM `ox_doorlock`;
INSERT INTO `ox_doorlock` (`id`, `name`, `data`) VALUES
	(1, 'vangelico_jewellery', '{"maxDistance":2,"groups":{"police":0},"doors":[{"model":1425919976,"coords":{"x":-631.9553833007813,"y":-236.33326721191407,"z":38.2065315246582},"heading":306},{"model":9467943,"coords":{"x":-630.426513671875,"y":-238.4375457763672,"z":38.2065315246582},"heading":306}],"state":1,"coords":{"x":-631.19091796875,"y":-237.38540649414063,"z":38.2065315246582},"hideUi":true}'),
	(2, 'BigBankThermite1', '{"heading":160,"doors":false,"maxDistance":2,"hideUi":true,"groups":{"police":0},"coords":{"x":251.85757446289063,"y":221.0654754638672,"z":101.83240509033203},"model":-1508355822,"state":1,"autolock":1800}'),
	(3, 'BigBankThermite2', '{"coords":{"x":261.3004150390625,"y":214.50514221191407,"z":101.83240509033203},"autolock":1800,"maxDistance":2,"groups":{"police":0},"model":-1508355822,"doors":false,"hideUi":true,"heading":250,"state":1}'),
	(4, 'BigBankLPDoor', '{"coords":{"x":256.3115539550781,"y":220.65785217285157,"z":106.42955780029297},"autolock":1800,"maxDistance":2,"model":-222270721,"doors":false,"lockpick":true,"hideUi":true,"heading":340,"state":1,"lockpickDifficulty":["hard"]}'),
	(5, 'PaletoThermiteDoor', '{"coords":{"x":-106.47130584716797,"y":6476.15771484375,"z":31.95479965209961},"autolock":1800,"maxDistance":2,"groups":{"police":0},"model":1309269072,"doors":false,"hideUi":true,"heading":315,"state":1}'),
	(6, 'BigBankRedCardDoor', '{"coords":{"x":262.1980895996094,"y":222.518798828125,"z":106.42955780029297},"autolock":1800,"maxDistance":2,"groups":{"police":0},"model":746855201,"doors":false,"hideUi":true,"heading":250,"state":1}');

-- Dumping structure for table QboxRp.ox_inventory
DROP TABLE IF EXISTS `ox_inventory`;
CREATE TABLE IF NOT EXISTS `ox_inventory` (
  `owner` varchar(60) DEFAULT NULL,
  `name` varchar(100) NOT NULL,
  `data` longtext DEFAULT NULL,
  `lastupdated` timestamp NULL DEFAULT current_timestamp() ON UPDATE current_timestamp(),
  UNIQUE KEY `owner` (`owner`,`name`)
) ENGINE=InnoDB DEFAULT CHARSET=utf8 COLLATE=utf8_general_ci;

-- Dumping data for table QboxRp.ox_inventory: ~0 rows (approximately)
DELETE FROM `ox_inventory`;

-- Dumping structure for table QboxRp.players
DROP TABLE IF EXISTS `players`;
CREATE TABLE IF NOT EXISTS `players` (
  `id` int(11) NOT NULL AUTO_INCREMENT,
  `citizenid` varchar(50) NOT NULL,
  `cid` int(11) DEFAULT NULL,
  `license` varchar(255) NOT NULL,
  `name` varchar(50) NOT NULL,
  `money` text NOT NULL,
  `charinfo` text DEFAULT NULL,
  `job` text NOT NULL,
  `gang` text DEFAULT NULL,
  `position` text NOT NULL,
  `metadata` text NOT NULL,
  `inventory` longtext DEFAULT NULL,
  `phone_number` varchar(20) DEFAULT NULL,
  `last_updated` timestamp NOT NULL DEFAULT current_timestamp() ON UPDATE current_timestamp(),
  `last_logged_out` timestamp NULL DEFAULT NULL,
  PRIMARY KEY (`citizenid`),
  KEY `id` (`id`),
  KEY `last_updated` (`last_updated`),
  KEY `license` (`license`)
) ENGINE=InnoDB DEFAULT CHARSET=utf8mb4 COLLATE=utf8mb4_unicode_ci;

-- Dumping data for table QboxRp.players: ~0 rows (approximately)
DELETE FROM `players`;

-- Dumping structure for table QboxRp.playerskins
DROP TABLE IF EXISTS `playerskins`;
CREATE TABLE IF NOT EXISTS `playerskins` (
  `id` int(11) NOT NULL AUTO_INCREMENT,
  `citizenid` varchar(255) NOT NULL,
  `model` varchar(255) NOT NULL,
  `skin` text NOT NULL,
  `active` tinyint(4) NOT NULL DEFAULT 1,
  PRIMARY KEY (`id`),
  KEY `citizenid` (`citizenid`),
  KEY `active` (`active`)
) ENGINE=InnoDB DEFAULT CHARSET=utf8mb4 COLLATE=utf8mb4_unicode_ci;

-- Dumping data for table QboxRp.playerskins: ~0 rows (approximately)
DELETE FROM `playerskins`;

-- Dumping structure for table QboxRp.player_groups
DROP TABLE IF EXISTS `player_groups`;
CREATE TABLE IF NOT EXISTS `player_groups` (
  `citizenid` varchar(50) NOT NULL,
  `group` varchar(50) NOT NULL,
  `type` varchar(50) NOT NULL,
  `grade` tinyint(3) unsigned NOT NULL,
  PRIMARY KEY (`citizenid`,`type`,`group`),
  CONSTRAINT `fk_citizenid` FOREIGN KEY (`citizenid`) REFERENCES `players` (`citizenid`) ON DELETE CASCADE ON UPDATE CASCADE
) ENGINE=InnoDB DEFAULT CHARSET=utf8mb4 COLLATE=utf8mb4_unicode_ci;

-- Dumping data for table QboxRp.player_groups: ~0 rows (approximately)
DELETE FROM `player_groups`;

-- Dumping structure for table QboxRp.player_houses
DROP TABLE IF EXISTS `player_houses`;
CREATE TABLE IF NOT EXISTS `player_houses` (
  `id` int(255) NOT NULL AUTO_INCREMENT,
  `house` varchar(50) NOT NULL,
  `identifier` varchar(50) DEFAULT NULL,
  `citizenid` varchar(50) DEFAULT NULL,
  `keyholders` text DEFAULT NULL,
  `decorations` text DEFAULT NULL,
  `stash` text DEFAULT NULL,
  `outfit` text DEFAULT NULL,
  `logout` text DEFAULT NULL,
  PRIMARY KEY (`id`),
  KEY `house` (`house`),
  KEY `citizenid` (`citizenid`),
  KEY `identifier` (`identifier`)
) ENGINE=InnoDB DEFAULT CHARSET=utf8mb4 COLLATE=utf8mb4_unicode_ci;

-- Dumping data for table QboxRp.player_houses: ~0 rows (approximately)
DELETE FROM `player_houses`;

-- Dumping structure for table QboxRp.player_mails
DROP TABLE IF EXISTS `player_mails`;
CREATE TABLE IF NOT EXISTS `player_mails` (
  `id` int(11) NOT NULL AUTO_INCREMENT,
  `citizenid` varchar(50) DEFAULT NULL,
  `sender` varchar(50) DEFAULT NULL,
  `subject` varchar(50) DEFAULT NULL,
  `message` text DEFAULT NULL,
  `read` tinyint(4) DEFAULT 0,
  `mailid` int(11) DEFAULT NULL,
  `date` timestamp NULL DEFAULT current_timestamp(),
  `button` text DEFAULT NULL,
  PRIMARY KEY (`id`),
  KEY `citizenid` (`citizenid`)
) ENGINE=InnoDB DEFAULT CHARSET=utf8mb4 COLLATE=utf8mb4_unicode_ci;

-- Dumping data for table QboxRp.player_mails: ~0 rows (approximately)
DELETE FROM `player_mails`;

-- Dumping structure for table QboxRp.player_outfits
DROP TABLE IF EXISTS `player_outfits`;
CREATE TABLE IF NOT EXISTS `player_outfits` (
  `id` int(11) NOT NULL AUTO_INCREMENT,
  `citizenid` varchar(50) DEFAULT NULL,
  `outfitname` varchar(50) NOT NULL DEFAULT '0',
  `model` varchar(50) DEFAULT NULL,
  `props` text DEFAULT NULL,
  `components` text DEFAULT NULL,
  PRIMARY KEY (`id`),
  UNIQUE KEY `citizenid_outfitname_model` (`citizenid`,`outfitname`,`model`),
  KEY `citizenid` (`citizenid`)
) ENGINE=InnoDB AUTO_INCREMENT=26 DEFAULT CHARSET=utf8mb4 COLLATE=utf8mb4_unicode_ci;

-- Dumping data for table QboxRp.player_outfits: ~0 rows (approximately)
DELETE FROM `player_outfits`;

-- Dumping structure for table QboxRp.player_outfit_codes
DROP TABLE IF EXISTS `player_outfit_codes`;
CREATE TABLE IF NOT EXISTS `player_outfit_codes` (
  `id` int(11) NOT NULL AUTO_INCREMENT,
  `outfitid` int(11) NOT NULL,
  `code` varchar(50) NOT NULL DEFAULT '',
  PRIMARY KEY (`id`),
  KEY `FK_player_outfit_codes_player_outfits` (`outfitid`)
) ENGINE=InnoDB DEFAULT CHARSET=utf8mb4 COLLATE=utf8mb4_unicode_ci;

-- Dumping data for table QboxRp.player_outfit_codes: ~0 rows (approximately)
DELETE FROM `player_outfit_codes`;

-- Dumping structure for table QboxRp.player_transactions
DROP TABLE IF EXISTS `player_transactions`;
CREATE TABLE IF NOT EXISTS `player_transactions` (
  `id` varchar(50) NOT NULL,
  `isFrozen` int(11) DEFAULT 0,
  `transactions` longtext DEFAULT NULL,
  PRIMARY KEY (`id`)
) ENGINE=InnoDB DEFAULT CHARSET=utf8mb4 COLLATE=utf8mb4_unicode_ci;

-- Dumping data for table QboxRp.player_transactions: ~0 rows (approximately)
DELETE FROM `player_transactions`;

-- Dumping structure for table QboxRp.player_vehicles
DROP TABLE IF EXISTS `player_vehicles`;
CREATE TABLE IF NOT EXISTS `player_vehicles` (
  `id` int(11) NOT NULL AUTO_INCREMENT,
  `license` varchar(50) DEFAULT NULL,
  `citizenid` varchar(50) DEFAULT NULL,
  `vehicle` varchar(50) DEFAULT NULL,
  `hash` varchar(50) DEFAULT NULL,
  `mods` longtext CHARACTER SET utf8mb4 COLLATE utf8mb4_bin DEFAULT NULL,
  `plate` varchar(50) NOT NULL,
  `fakeplate` varchar(50) DEFAULT NULL,
  `garage` varchar(50) DEFAULT NULL,
  `fuel` int(11) DEFAULT 100,
  `engine` float DEFAULT 1000,
  `body` float DEFAULT 1000,
  `state` int(11) DEFAULT 1,
  `depotprice` int(11) NOT NULL DEFAULT 0,
  `drivingdistance` int(50) DEFAULT NULL,
  `status` text DEFAULT NULL,
  `glovebox` longtext DEFAULT NULL,
  `trunk` longtext DEFAULT NULL,
  PRIMARY KEY (`id`),
  KEY `plate` (`plate`),
  KEY `citizenid` (`citizenid`),
  KEY `license` (`license`)
) ENGINE=InnoDB DEFAULT CHARSET=utf8mb4 COLLATE=utf8mb4_unicode_ci;

-- Dumping data for table QboxRp.player_vehicles: ~0 rows (approximately)
DELETE FROM `player_vehicles`;

-- Dumping structure for table QboxRp.player_warns
DROP TABLE IF EXISTS `player_warns`;
CREATE TABLE IF NOT EXISTS `player_warns` (
  `id` int(11) NOT NULL AUTO_INCREMENT,
  `senderIdentifier` varchar(50) DEFAULT NULL,
  `targetIdentifier` varchar(50) DEFAULT NULL,
  `reason` text DEFAULT NULL,
  `warnId` varchar(50) DEFAULT NULL,
  PRIMARY KEY (`id`)
) ENGINE=InnoDB DEFAULT CHARSET=utf8mb4 COLLATE=utf8mb4_unicode_ci;

-- Dumping data for table QboxRp.player_warns: ~0 rows (approximately)
DELETE FROM `player_warns`;

-- Dumping structure for table QboxRp.properties
DROP TABLE IF EXISTS `properties`;
CREATE TABLE IF NOT EXISTS `properties` (
  `id` int(11) NOT NULL AUTO_INCREMENT,
  `property_name` varchar(255) NOT NULL,
  `coords` longtext CHARACTER SET utf8mb4 COLLATE utf8mb4_bin NOT NULL CHECK (json_valid(`coords`)),
  `price` int(11) NOT NULL DEFAULT 0,
  `owner` varchar(255) DEFAULT NULL,
  `interior` varchar(255) NOT NULL,
  `keyholders` longtext CHARACTER SET utf8mb4 COLLATE utf8mb4_bin NOT NULL DEFAULT json_object() CHECK (json_valid(`keyholders`)),
  `rent_interval` int(11) DEFAULT NULL,
  `interact_options` longtext CHARACTER SET utf8mb4 COLLATE utf8mb4_bin NOT NULL DEFAULT json_object() CHECK (json_valid(`interact_options`)),
  `stash_options` longtext CHARACTER SET utf8mb4 COLLATE utf8mb4_bin NOT NULL DEFAULT json_object() CHECK (json_valid(`stash_options`)),
  `decorations` longtext CHARACTER SET utf8mb4 COLLATE utf8mb4_bin NOT NULL DEFAULT json_object() CHECK (json_valid(`decorations`)),
  PRIMARY KEY (`id`),
  KEY `owner` (`owner`),
  CONSTRAINT `properties_ibfk_1` FOREIGN KEY (`owner`) REFERENCES `players` (`citizenid`)
) ENGINE=InnoDB DEFAULT CHARSET=utf8mb4 COLLATE=utf8mb4_unicode_ci;

-- Dumping data for table QboxRp.properties: ~0 rows (approximately)
DELETE FROM `properties`;

-- Dumping structure for table QboxRp.properties_decorations
DROP TABLE IF EXISTS `properties_decorations`;
CREATE TABLE IF NOT EXISTS `properties_decorations` (
  `id` bigint(20) NOT NULL AUTO_INCREMENT,
  `property_id` int(11) NOT NULL,
  `model` varchar(255) NOT NULL,
  `coords` longtext CHARACTER SET utf8mb4 COLLATE utf8mb4_bin NOT NULL CHECK (json_valid(`coords`)),
  `rotation` longtext CHARACTER SET utf8mb4 COLLATE utf8mb4_bin NOT NULL CHECK (json_valid(`rotation`)),
  PRIMARY KEY (`id`),
  KEY `property_id` (`property_id`),
  CONSTRAINT `properties_decorations_ibfk_1` FOREIGN KEY (`property_id`) REFERENCES `properties` (`id`) ON DELETE CASCADE
) ENGINE=InnoDB DEFAULT CHARSET=utf8mb4 COLLATE=utf8mb4_unicode_ci;

-- Dumping data for table QboxRp.properties_decorations: ~0 rows (approximately)
DELETE FROM `properties_decorations`;

-- Dumping structure for table QboxRp.vehicle_financing
DROP TABLE IF EXISTS `vehicle_financing`;
CREATE TABLE IF NOT EXISTS `vehicle_financing` (
  `vehicleId` int(11) NOT NULL,
  `balance` int(11) DEFAULT NULL,
  `paymentamount` int(11) DEFAULT NULL,
  `paymentsleft` int(11) DEFAULT NULL,
  `financetime` int(11) DEFAULT NULL,
  PRIMARY KEY (`vehicleId`),
  CONSTRAINT `vehicleId` FOREIGN KEY (`vehicleId`) REFERENCES `player_vehicles` (`id`) ON DELETE CASCADE ON UPDATE CASCADE
) ENGINE=InnoDB DEFAULT CHARSET=utf8mb4 COLLATE=utf8mb4_unicode_ci;

-- Dumping data for table QboxRp.vehicle_financing: ~0 rows (approximately)
DELETE FROM `vehicle_financing`;

/*!40103 SET TIME_ZONE=IFNULL(@OLD_TIME_ZONE, 'system') */;
/*!40101 SET SQL_MODE=IFNULL(@OLD_SQL_MODE, '') */;
/*!40014 SET FOREIGN_KEY_CHECKS=IFNULL(@OLD_FOREIGN_KEY_CHECKS, 1) */;
/*!40101 SET CHARACTER_SET_CLIENT=@OLD_CHARACTER_SET_CLIENT */;
/*!40111 SET SQL_NOTES=IFNULL(@OLD_SQL_NOTES, 1) */;
